{
    "sig_ax": 0.001,
    "sig_ay": 0.001,
    "sig_az": 0.001,
    "sig_gx": 0.0001,
    "sig_gy": 0.0001,
    "sig_gz": 0.0001,
    "sig_tax": 0.00001,
    "sig_tay": 0.00001,
    "sig_taz": 0.00001,
    "sig_tgx": 0.000001,
    "sig_tgy": 0.000001,
    "sig_tgz": 0.000001,
    "tau_gx": 3600,
    "tau_gy": 3600,
    "tau_gz": 3600,
    "tau_ax": 3600,
    "tau_ay": 3600,
    "tau_az": 3600,
    "Ts": 0.05,
    "averaging_time": 0.1,
    "max_queue_size": 5
}
  