{
    "sig_ax": 0.001,
    "sig_ay": 0.001,
    "sig_az": 0.001,
    "sig_gx": 0.0001,
    "sig_gy": 0.0001,
    "sig_gz": 0.0001,
    "sig_tax": 0.00001,
    "sig_tay": 0.00001,
    "sig_taz": 0.00001,
    "sig_tgx": 0.000001,
    "sig_tgy": 0.000001,
    "sig_tgz": 0.000001,
    "tau_gx": 0.5,
    "tau_gy": 0.5,
    "tau_gz": 0.5,
    "tau_ax": 0.7,
    "tau_ay": 0.7,
    "tau_az": 0.7,
    "Ts": 0.1
  }
  